epoch,time,train/loss,metrics/accuracy_top1,metrics/accuracy_top5,val/loss,lr/pg0,lr/pg1,lr/pg2
1,98.5364,2.44843,0.8192,0.9642,0.6534,0.003332,0.003332,0.003332
2,196.064,1.00356,0.832,0.9664,0.58,0.00659935,0.00659935,0.00659935
3,289.429,1.0863,0.7844,0.9474,0.7866,0.00980069,0.00980069,0.00980069
4,375.945,1.24408,0.778,0.9446,0.81083,0.009703,0.009703,0.009703
5,459.052,1.21231,0.7832,0.947,0.8012,0.009604,0.009604,0.009604
6,542.316,1.16441,0.8002,0.9502,0.74732,0.009505,0.009505,0.009505
7,632.809,1.13609,0.7998,0.9502,0.73485,0.009406,0.009406,0.009406
8,728.258,1.09558,0.8008,0.9502,0.70684,0.009307,0.009307,0.009307
9,822.945,1.07725,0.7984,0.9508,0.7219,0.009208,0.009208,0.009208
10,917.881,1.04315,0.8128,0.952,0.68263,0.009109,0.009109,0.009109
11,1013.02,1.02627,0.8182,0.956,0.66321,0.00901,0.00901,0.00901
12,1109.38,1.01477,0.8216,0.9598,0.65613,0.008911,0.008911,0.008911
13,1205.96,0.99443,0.8214,0.9592,0.63812,0.008812,0.008812,0.008812
14,1300,0.97082,0.8266,0.9608,0.62633,0.008713,0.008713,0.008713
15,1396.38,0.94124,0.829,0.9582,0.62702,0.008614,0.008614,0.008614
16,1491.5,0.92257,0.8346,0.964,0.60865,0.008515,0.008515,0.008515
17,1579.92,0.92266,0.8314,0.9626,0.61132,0.008416,0.008416,0.008416
18,1670.49,0.91744,0.8326,0.9634,0.60261,0.008317,0.008317,0.008317
19,1760.42,0.89521,0.835,0.963,0.59895,0.008218,0.008218,0.008218
20,1853.43,0.8794,0.8332,0.9624,0.59593,0.008119,0.008119,0.008119
21,1946.64,0.86708,0.8348,0.9632,0.59383,0.00802,0.00802,0.00802
22,2046.5,0.85907,0.8388,0.964,0.59062,0.007921,0.007921,0.007921
23,2144.12,0.84751,0.842,0.9648,0.58575,0.007822,0.007822,0.007822
24,2235.12,0.83289,0.8416,0.9654,0.58284,0.007723,0.007723,0.007723
25,2324.39,0.80936,0.8438,0.9662,0.58024,0.007624,0.007624,0.007624
26,2413.74,0.82008,0.8422,0.9664,0.58222,0.007525,0.007525,0.007525
27,2502.37,0.81017,0.8434,0.9668,0.57845,0.007426,0.007426,0.007426
28,2585.42,0.79335,0.8448,0.966,0.57905,0.007327,0.007327,0.007327
29,2666.82,0.78617,0.8448,0.9666,0.57898,0.007228,0.007228,0.007228
30,2749.99,0.78062,0.844,0.9656,0.5834,0.007129,0.007129,0.007129
31,2832.35,0.76462,0.8454,0.9654,0.57507,0.00703,0.00703,0.00703
32,2922.57,0.74958,0.8454,0.9648,0.57502,0.006931,0.006931,0.006931
33,3010.05,0.74825,0.8458,0.965,0.57732,0.006832,0.006832,0.006832
34,3093.84,0.74203,0.8456,0.9652,0.57526,0.006733,0.006733,0.006733
35,3176.82,0.73075,0.8472,0.9648,0.57445,0.006634,0.006634,0.006634
36,3259.64,0.71546,0.848,0.9656,0.57571,0.006535,0.006535,0.006535
37,3339.68,0.71385,0.8474,0.9658,0.57069,0.006436,0.006436,0.006436
38,3421.08,0.69592,0.8474,0.9662,0.57259,0.006337,0.006337,0.006337
39,3500.44,0.6869,0.8478,0.9658,0.57139,0.006238,0.006238,0.006238
40,3579.64,0.68426,0.8478,0.9654,0.57135,0.006139,0.006139,0.006139
41,3658.2,0.66882,0.8478,0.9646,0.57027,0.00604,0.00604,0.00604
42,3741.72,0.66225,0.8482,0.9646,0.57309,0.005941,0.005941,0.005941
43,3829.95,0.64629,0.8478,0.965,0.57242,0.005842,0.005842,0.005842
44,3911.52,0.64019,0.8482,0.9646,0.57221,0.005743,0.005743,0.005743
45,3996.69,0.62704,0.8484,0.964,0.57359,0.005644,0.005644,0.005644
46,4079.77,0.62522,0.848,0.9642,0.57869,0.005545,0.005545,0.005545
47,4164.12,0.62298,0.8474,0.9644,0.57168,0.005446,0.005446,0.005446
48,4250.05,0.60976,0.8474,0.9644,0.57334,0.005347,0.005347,0.005347
49,4328.77,0.59116,0.8478,0.9638,0.57264,0.005248,0.005248,0.005248
50,4404.91,0.58892,0.8466,0.9638,0.57493,0.005149,0.005149,0.005149
51,4483.61,0.58699,0.8466,0.9646,0.5748,0.00505,0.00505,0.00505
52,4563.51,0.5716,0.8466,0.9642,0.57675,0.004951,0.004951,0.004951
53,4640.9,0.5666,0.8468,0.964,0.57413,0.004852,0.004852,0.004852
54,4716.35,0.55947,0.8484,0.964,0.57755,0.004753,0.004753,0.004753
55,4792.93,0.54656,0.8478,0.9634,0.57763,0.004654,0.004654,0.004654
56,4870.35,0.54232,0.8476,0.9634,0.57723,0.004555,0.004555,0.004555
57,4947.34,0.52103,0.848,0.9632,0.57605,0.004456,0.004456,0.004456
58,5037.51,0.52058,0.8476,0.9632,0.57799,0.004357,0.004357,0.004357
59,5122.08,0.50653,0.8486,0.963,0.57788,0.004258,0.004258,0.004258
60,5203.16,0.50953,0.8488,0.9634,0.57726,0.004159,0.004159,0.004159
61,5283.03,0.4907,0.8492,0.9636,0.58346,0.00406,0.00406,0.00406
62,5363.95,0.48383,0.8478,0.964,0.5773,0.003961,0.003961,0.003961
63,5446.15,0.46378,0.8472,0.9638,0.57944,0.003862,0.003862,0.003862
64,5533.51,0.46665,0.8478,0.964,0.57944,0.003763,0.003763,0.003763
65,5617.61,0.45297,0.8472,0.9646,0.58554,0.003664,0.003664,0.003664
66,5701.28,0.44879,0.8474,0.964,0.58322,0.003565,0.003565,0.003565
67,5783.44,0.4324,0.847,0.964,0.58215,0.003466,0.003466,0.003466
68,5862.8,0.42598,0.8472,0.9636,0.58224,0.003367,0.003367,0.003367
69,5942.03,0.41424,0.8464,0.9636,0.58427,0.003268,0.003268,0.003268
70,6020.81,0.41018,0.8458,0.9638,0.58329,0.003169,0.003169,0.003169
71,6100.44,0.40779,0.8462,0.9634,0.58802,0.00307,0.00307,0.00307
72,6180.75,0.39196,0.847,0.9636,0.58255,0.002971,0.002971,0.002971
73,6268.02,0.38286,0.8476,0.9642,0.58505,0.002872,0.002872,0.002872
74,6351.16,0.37755,0.8484,0.964,0.58553,0.002773,0.002773,0.002773
75,6433.77,0.36254,0.8478,0.9636,0.58452,0.002674,0.002674,0.002674
76,6516.76,0.36439,0.8484,0.9636,0.58692,0.002575,0.002575,0.002575
77,6600.35,0.35089,0.8482,0.964,0.58702,0.002476,0.002476,0.002476
78,6681.68,0.3381,0.8476,0.964,0.58859,0.002377,0.002377,0.002377
79,6763.22,0.32697,0.8478,0.964,0.58281,0.002278,0.002278,0.002278
80,6848.58,0.32088,0.848,0.9642,0.58222,0.002179,0.002179,0.002179
81,6932.55,0.31028,0.8478,0.964,0.58237,0.00208,0.00208,0.00208
82,7015.84,0.30526,0.8482,0.9638,0.58509,0.001981,0.001981,0.001981
83,7097.79,0.29607,0.8478,0.964,0.5829,0.001882,0.001882,0.001882
84,7177.86,0.28256,0.8482,0.9638,0.58423,0.001783,0.001783,0.001783
85,7265,0.27907,0.8488,0.9636,0.5839,0.001684,0.001684,0.001684
86,7347.59,0.26847,0.8478,0.9634,0.58869,0.001585,0.001585,0.001585
87,7432.42,0.25597,0.8474,0.9636,0.58608,0.001486,0.001486,0.001486
88,7517.37,0.25386,0.847,0.9632,0.58334,0.001387,0.001387,0.001387
89,7600.54,0.23916,0.8484,0.9636,0.58166,0.001288,0.001288,0.001288
90,7682.58,0.23284,0.8474,0.9636,0.58202,0.001189,0.001189,0.001189
91,7803.73,0.22773,0.8482,0.9636,0.58479,0.00109,0.00109,0.00109
92,7891.07,0.22398,0.8486,0.9634,0.58753,0.000991,0.000991,0.000991
93,7975.16,0.21165,0.8496,0.9638,0.58325,0.000892,0.000892,0.000892
94,8062.76,0.20898,0.8496,0.9634,0.59019,0.000793,0.000793,0.000793
95,8150.49,0.19994,0.8498,0.9638,0.5856,0.000694,0.000694,0.000694
96,8236.92,0.19322,0.8492,0.9634,0.58443,0.000595,0.000595,0.000595
97,8321.98,0.18785,0.8492,0.9632,0.58638,0.000496,0.000496,0.000496
98,8407.07,0.18232,0.8486,0.9638,0.58691,0.000397,0.000397,0.000397
99,8496.42,0.17152,0.8486,0.964,0.58562,0.000298,0.000298,0.000298
100,8585.42,0.16952,0.8484,0.964,0.58878,0.000199,0.000199,0.000199
